Amenities,Number of Amenities per capita
local_government_office,0.0001233687496750017
school,0.0003204372670711608
police,3.873859110316015e-05
doctor,0.0002775997793989941
train_station,4.902601778615703e-06
department_store,1.4788175856808023e-05
supermarket,0.00010986650215356829
primary_school,2.6040048791335865e-05
taxi_stand,3.6970439642020057e-06
bus_station,3.632747547433275e-05
hospital,0.0002805734886745479
bank,0.00010102574484786785
