District_Name,MinLat,MaxLat,MinLong,MaxLong
Bangalore,12.6482534408569,13.2232809066772,77.3222198486328,77.8255996704102
Chennai,12.9517574310303,13.1338005065918,80.1696472167969,80.3059692382812
Delhi,28.4084606170654,28.8845138549805,76.8329162597656,77.3377380371094
Gurgaon,28.2049827575684,28.542781829834,76.6364822387695,77.2322158813477
Hyderabad,17.2970714569092,17.4717884063721,78.3841018676758,78.5345306396484
Kolkata,22.4949378967285,22.6297416687012,88.2706527709961,88.4073104858399
Mumbai,18.8906955718994,19.2692165374756,72.7759704589844,72.9846801757813
